{
    "RU-BU": {
        "markerCoordinates": [
            [
                110.00882409348816,
                53.23968755905295
            ]
        ],
        "markerSize": 3
    },
    "RU-KC": {
        "markerCoordinates": [
            [
                41.76866475264458,
                43.77336672880847
            ]
        ],
        "markerSize": 0.9
    },
    "RU-SAK": {
        "markerCoordinates": [
            [
                142.99124257379835,
                50.01020138564422
            ]
        ],
        "markerSize": 2
    },
    "RU-VOR": {
        "markerCoordinates": [
            [
                40.143545259383814,
                51.21889784638418
            ]
        ],
        "markerSize": 1.5
    },
    "RU-TOM": {
        "markerCoordinates": [
            [
                82.61961403885937,
                58.803091008888686
            ]
        ],
        "markerSize": 4
    },
    "RU-NVS": {
        "markerCoordinates": [
            [
                79.67011704807834,
                55.43628956001339
            ]
        ],
        "markerSize": 3
    },
    "RU-NEN": {
        "markerCoordinates": [
            [
                56.697742584206026,
                67.76862854399295
            ]
        ],
        "markerSize": 3
    },
    "RU-MAG": {
        "markerCoordinates": [
            [
                152.97145204871777,
                62.83003198117967
            ]
        ],
        "markerSize": 4
    },
    "RU-KAM": {
        "markerCoordinates": [
            [
                158.75990805112679,
                56.22406162274075
            ]
        ],
        "markerSize": 4
    },
    "RU-PRI": {
        "markerCoordinates": [
            [
                134.88256605804173,
                45.469416621621974
            ]
        ],
        "markerSize": 3
    },
    "RU-STA": {
        "markerCoordinates": [
            [
                43.47167459483484,
                44.88379854852724
            ]
        ],
        "markerSize": 1.7
    },
    "RU-ALT": {
        "markerCoordinates": [
            [
                83.33086176994753,
                52.481666122057334
            ]
        ],
        "markerSize": 3
    },
    "RU-MOW": {
        "markerCoordinates": [
            [
                37.63317140782274,
                55.74926999000604
            ]
        ],
        "markerSize": 2
    },
    "RU-TY": {
        "markerCoordinates": [
            [
                96.46545356826635,
                52.05335775285653
            ]
        ],
        "markerSize": 3
    },
    "RU-TAM": {
        "markerCoordinates": [
            [
                41.63444410883011,
                52.5992545908054
            ]
        ],
        "markerSize": 1.1
    },
    "RU-SVE": {
        "markerCoordinates": [
            [
                62.25123164147294,
                58.217551933456804
            ]
        ],
        "markerSize": 4
    },
    "RU-KHM": {
        "markerCoordinates": [
            [
                70.63989953334976,
                61.36014537058904
            ]
        ],
        "markerSize": 4
    },
    "RU-CHU": {
        "markerCoordinates": [
            [
                171.3036592255354,
                66.65431594422566
            ]
        ],
        "markerSize": 4
    },
    "RU-TYU": {
        "markerCoordinates": [
            [
                68.27490522677937,
                57.28332119679118
            ]
        ],
        "markerSize": 3
    },
    "RU-VLA": {
        "markerCoordinates": [
            [
                41.00749030195149,
                55.981862283264974
            ]
        ],
        "markerSize": 1.3
    },
    "RU-MOS": {
        "markerCoordinates": [
            [
                38.658150396696726,
                55.2492903691643
            ]
        ],
        "markerSize": 1.2
    },
    "RU-VGG": {
        "markerCoordinates": [
            [
                44.06419387522942,
                49.73815287473715
            ]
        ],
        "markerSize": 2.6
    },
    "RU-ORE": {
        "markerCoordinates": [
            [
                54.055905268051134,
                52.378602229777346
            ]
        ],
        "markerSize": 3
    },
    "RU-SAM": {
        "markerCoordinates": [
            [
                50.263264841008305,
                53.12341962890809
            ]
        ],
        "markerSize": 2
    },
    "RU-AST": {
        "markerCoordinates": [
            [
                47.784576977127955,
                47.06700648357511
            ]
        ],
        "markerSize": 1.1
    },
    "RU-AD": {
        "markerCoordinates": [
            [
                40.15448171802282,
                44.5151877634826
            ]
        ],
        "markerSize": 0.5
    },
    "RU-KL": {
        "markerCoordinates": [
            [
                45.136055132080514,
                46.366646712775406
            ]
        ],
        "markerSize": 1.7
    },
    "RU-KDA": {
        "markerCoordinates": [
            [
                39.253353343309186,
                45.76085647307002
            ]
        ],
        "markerSize": 1.5
    },
    "RU-ROS": {
        "markerCoordinates": [
            [
                41.190189760992666,
                47.50857578902975
            ]
        ],
        "markerSize": 1.8
    },
    "RU-MUR": {
        "markerCoordinates": [
            [
                35.93388080689556,
                67.81535769117701
            ]
        ],
        "markerSize": 4
    },
    "RU-PSK": {
        "markerCoordinates": [
            [
                29.413012092067504,
                57.15873506890455
            ]
        ],
        "markerSize": 2
    },
    "RU-SPE": {
        "markerCoordinates": [
            [
                30.342154004566993,
                59.88834625750562
            ]
        ],
        "markerSize": 0.5
    },
    "RU-LEN": {
        "markerCoordinates": [
            [
                32.746003228442845,
                60.032375511515
            ]
        ],
        "markerSize": 2
    },
    "RU-MO": {
        "markerCoordinates": [
            [
                43.93683957506147,
                54.35902489159836
            ]
        ],
        "markerSize": 1
    },
    "RU-TA": {
        "markerCoordinates": [
            [
                50.90769181631387,
                55.40596001761875
            ]
        ],
        "markerSize": 2
    },
    "RU-KIR": {
        "markerCoordinates": [
            [
                49.62310023844489,
                58.22928364555611
            ]
        ],
        "markerSize": 3
    },
    "RU-KOS": {
        "markerCoordinates": [
            [
                43.60960467611713,
                58.49150629078886
            ]
        ],
        "markerSize": 2.5
    },
    "RU-TVE": {
        "markerCoordinates": [
            [
                34.882577769493196,
                57.08185509667149
            ]
        ],
        "markerSize": 2.5
    },
    "RU-TUL": {
        "markerCoordinates": [
            [
                37.644601038299754,
                53.85617109278101
            ]
        ],
        "markerSize": 1.1
    },
    "RU-KLU": {
        "markerCoordinates": [
            [
                35.27160062952632,
                54.297087185541386
            ]
        ],
        "markerSize": 1.2
    },
    "RU-ULY": {
        "markerCoordinates": [
            [
                47.58471535937139,
                54.10939454233775
            ]
        ],
        "markerSize": 1.5
    },
    "RU-ME": {
        "markerCoordinates": [
            [
                48.14433503569839,
                56.58180034155734
            ]
        ],
        "markerSize": 1.3
    },